<application>
  <component name="MaterialThemeConfig">
    <option name="contrastMode" value="true" />
    <option name="highContrast" value="true" />
    <option name="highlightColorEnabled" value="true" />
    <option name="darkTitleBar" value="true" />
    <option name="isHighlightColorEnabled" value="true" />
    <option name="isContrastMode" value="true" />
    <option name="isHighContrast" value="true" />
    <option name="isWizardShown" value="true" />
    <option name="overrideAccentColor" value="false" />
    <option name="pristineConfig" value="false" />
    <option name="tabFontSizeEnabled" value="true" />
    <option name="upperCaseButtons" value="false" />
    <option name="useMaterialFont2" value="true" />
    <option name="tabFontSize" value="18" />
    <option name="highlightThickness" value="3" />
    <option name="indicatorThickness" value="3" />
    <option name="tabsHeight" value="30" />
    <option name="accentColor" value="0493e0" />
    <option name="highlightColor" value="e9002c" />
    <option name="userId" value="71e054d8:16a2b690a03:-8000" />
    <option name="version" value="5.2.0" />
    <option name="tabHighlightPosition" value="Top" />
  </component>
</application>